{
  "allowHttpBackend": false,
  "backendCommand": "",
  "backendFolderName": "",
  "certificateExceptions": [],
  "extensionViews": [
    {
      "channelId": "80312175",
      "configurationAnchor": "panel",
      "displayChannelName": "anderseben",
      "features": {
        "isBitsEnabled": false,
        "isChatEnabled": false,
        "isSubscriptionStatusAvailable": false
      },
      "frameSize": {
        "width": 1280,
        "height": 720
      },
      "id": "1",
      "isPopout": false,
      "label": "BC_Test",
      "linked": false,
      "linkedUserId": "",
      "orientation": "Portrait",
      "type": "panel",
      "viewerType": "Broadcaster"
    },
    {
      "channelId": "80312175",
      "configurationAnchor": "panel",
      "displayChannelName": "anderseben",
      "features": {
        "isBitsEnabled": false,
        "isChatEnabled": false,
        "isSubscriptionStatusAvailable": false
      },
      "frameSize": {
        "width": 1280,
        "height": 720
      },
      "id": "2",
      "isPopout": false,
      "label": "V_Lin_Test",
      "linked": false,
      "linkedUserId": "",
      "orientation": "Portrait",
      "type": "panel",
      "viewerType": "Logged-In Viewer"
    }
  ],
  "manifest": {
    "anchor": "panel",
    "assetUrls": [],
    "authorName": "AndersEben",
    "bitsEnabled": false,
    "canInstall": true,
    "configUrl": "https://localhost:8080/config.html",
    "configurationLocation": "none",
    "description": "Battlefield 2042 Stats Show",
    "eulaTosUrl": "",
    "hasChatSupport": false,
    "iconUrl": "",
    "iconUrls": {},
    "id": "oo057118k82s80io3da6qzlpi49ztq",
    "installationCount": -42,
    "liveConfigUrl": "",
    "name": "Battlefield2042 Stats",
    "panelHeight": 300,
    "privacyPolicyUrl": "",
    "requestIdentityLink": false,
    "requiredBroadcasterAbilities": [],
    "screenshotUrls": [],
    "sku": "",
    "state": "Testing",
    "subscriptionsSupportLevel": "none",
    "summary": "Battlefield 2042 Stats Show",
    "supportEmail": "info@anderseben.de",
    "vendorCode": "",
    "version": "0.0.1",
    "viewerSummary": "",
    "viewerUrl": "https://localhost:8080/panel.html",
    "viewerUrls": {
      "panel": "https://localhost:8080/panel.html"
    },
    "views": {
      "panel": {
        "viewerUrl": "https://localhost:8080/panel.html",
        "height": 300,
        "canLinkExternalContent": false
      },
      "config": {
        "viewerUrl": "https://localhost:8080/config.html",
        "canLinkExternalContent": false
      }
    },
    "whitelistedConfigUrls": [],
    "whitelistedPanelUrls": []
  },
  "frontendCommand": "",
  "frontendFolderName": "C:\\Users\\AndersEben\\Desktop\\TwitchExtension\\Battlefield2042\\Version0.0.1",
  "name": "Battlefield2042 Stats",
  "usingRandomFrontendHostingPort": false,
  "version": 3
}